timestamp,project_name,run_id,experiment_id,duration,emissions,emissions_rate,cpu_power,gpu_power,ram_power,cpu_energy,gpu_energy,ram_energy,energy_consumed,water_consumed,country_name,country_iso_code,region,cloud_provider,cloud_region,os,python_version,codecarbon_version,cpu_count,cpu_model,gpu_count,gpu_model,longitude,latitude,ram_total_size,tracking_mode,cpu_utilization_percent,gpu_utilization_percent,ram_utilization_percent,ram_used_gb,on_cloud,pue,wue
2026-04-30T17:47:41,SMS_Spam_LightGBM,d7e76f98-96f9-472c-a90b-11de22786598,5b0fa12a-3dd7-45bb-9766-cc326314d9f1,1.6632675000000745,2.950263049273641e-06,1.7737754445833329e-06,4.528551244500003,3.5155769140117936,10.0,1.47515229617443e-06,1.6233346319997032e-06,3.251818611109532e-06,6.350305539283665e-06,0.0,Türkiye,TUR,edirne,,,Windows-10-10.0.22631-SP0,3.10.20,3.2.6,12,Intel(R) Core(TM) i7-10750H CPU @ 2.60GHz,1,1 x NVIDIA GeForce RTX 2060,26.556,41.6772,15.842525482177734,machine,0.0,0.0,0.0,0.0,N,1.0,0.0
2026-04-30T17:49:33,SMS_Spam_LightGBM_inference,7eab61f6-427e-4bc6-be8c-cd1ef2c719a5,5b0fa12a-3dd7-45bb-9766-cc326314d9f1,106.45576889999938,0.0003436893094076,3.2284704996165505e-06,6.933294146258037,8.716466392619312,10.0,0.0001977810931673,0.000257329928086,0.0002846644119444,0.0007397754331978,0.0,Türkiye,TUR,edirne,,,Windows-10-10.0.22631-SP0,3.10.20,3.2.6,12,Intel(R) Core(TM) i7-10750H CPU @ 2.60GHz,1,1 x NVIDIA GeForce RTX 2060,26.556,41.6772,15.842525482177734,machine,0.6313131313131313,0.0505050505050505,57.77171717171715,9.151297713771012,N,1.0,0.0
2026-04-30T18:10:51,SMS_Spam_DistilBERT,20c290e4-c04c-4193-8d79-930df3faca51,5b0fa12a-3dd7-45bb-9766-cc326314d9f1,172.82263810000222,0.0019487261165281,1.1275872987198072e-05,4.510290408187499,73.58710054092326,10.0,0.0002088974479999,0.0035225964291859,0.0004630494722222,0.0041945433494081,0.0,Türkiye,TUR,edirne,,,Windows-10-10.0.22631-SP0,3.10.20,3.2.6,12,Intel(R) Core(TM) i7-10750H CPU @ 2.60GHz,1,1 x NVIDIA GeForce RTX 2060,26.556,41.6772,15.842525482177734,machine,1.7647058823529411,90.15882352941176,50.62529411764707,8.019513051650103,N,1.0,0.0
2026-04-30T18:12:09,SMS_Spam_DistilBERT_inference,66072678-53a3-4bfa-bb0f-3bbbea939ef5,5b0fa12a-3dd7-45bb-9766-cc326314d9f1,72.35455950000323,0.0002911242879061,4.0235790241544455e-06,4.513607311432501,17.184204244146276,10.0,8.750743355784138e-05,0.0003452886095639,0.0001938355986111,0.0006266316417329,0.0,Türkiye,TUR,edirne,,,Windows-10-10.0.22631-SP0,3.10.20,3.2.6,12,Intel(R) Core(TM) i7-10750H CPU @ 2.60GHz,1,1 x NVIDIA GeForce RTX 2060,26.556,41.6772,15.842525482177734,machine,2.142857142857143,30.1,52.010000000000005,8.239139774867466,N,1.0,0.0
2026-04-30T18:14:02,SMS_Spam_CNN,83169158-d361-423c-ad28-1cd903a7aecc,5b0fa12a-3dd7-45bb-9766-cc326314d9f1,7.423287000001437,5.109343011581618e-05,6.882857973267946e-06,4.5024628995,39.83588684106074,10.0,8.648447426191363e-06,8.212478792200134e-05,1.920302333333489e-05,0.0001099762586815,0.0,Türkiye,TUR,edirne,,,Windows-10-10.0.22631-SP0,3.10.20,3.2.6,12,Intel(R) Core(TM) i7-10750H CPU @ 2.60GHz,1,1 x NVIDIA GeForce RTX 2060,26.556,41.6772,15.842525482177734,machine,0.0,42.0,53.38,8.457921600341797,N,1.0,0.0
2026-04-30T18:14:52,SMS_Spam_CNN_inference,00ffe144-8353-4b99-99e9-721127a98266,5b0fa12a-3dd7-45bb-9766-cc326314d9f1,44.57058020000113,0.0001646665962565,3.694513186000355e-06,4.504819750995536,14.534452296324517,10.0,5.387523332569296e-05,0.0001809832003419,0.0001195788422222,0.0003544372758899,0.0,Türkiye,TUR,edirne,,,Windows-10-10.0.22631-SP0,3.10.20,3.2.6,12,Intel(R) Core(TM) i7-10750H CPU @ 2.60GHz,1,1 x NVIDIA GeForce RTX 2060,26.556,41.6772,15.842525482177734,machine,0.0,8.452380952380953,53.38809523809521,8.460044588361468,N,1.0,0.0
2026-04-30T18:18:14,SMS_Spam_LSTM,c87d37da-7630-4837-9939-e81efa19753c,5b0fa12a-3dd7-45bb-9766-cc326314d9f1,31.420787299997755,0.0002242082430686,7.1356659821395925e-06,4.5065818842468754,41.67932741389615,10.0,3.805537301930046e-05,0.00036011556587,8.442699361111309e-05,0.0004825979325004,0.0,Türkiye,TUR,edirne,,,Windows-10-10.0.22631-SP0,3.10.20,3.2.6,12,Intel(R) Core(TM) i7-10750H CPU @ 2.60GHz,1,1 x NVIDIA GeForce RTX 2060,26.556,41.6772,15.842525482177734,machine,0.0,33.689655172413794,52.37241379310347,8.296794891357422,N,1.0,0.0
2026-04-30T18:19:17,SMS_Spam_LSTM_inference,3af717bb-4d00-4bca-89fc-3a47482a6572,5b0fa12a-3dd7-45bb-9766-cc326314d9f1,57.59350590000031,0.0001998113664713,3.469338484416306e-06,4.506087913129688,12.72259944697874,10.0,6.955752483805039e-05,0.000206190720508,0.0001543365322222,0.0004300847775682,0.0,Türkiye,TUR,edirne,,,Windows-10-10.0.22631-SP0,3.10.20,3.2.6,12,Intel(R) Core(TM) i7-10750H CPU @ 2.60GHz,1,1 x NVIDIA GeForce RTX 2060,26.556,41.6772,15.842525482177734,machine,0.0,23.12727272727273,53.06363636363636,8.406782254305753,N,1.0,0.0
2026-04-30T18:20:29,SMS_Spam_CNN,6e7421c7-db2f-4c74-bf7d-ab537d92a8d7,5b0fa12a-3dd7-45bb-9766-cc326314d9f1,7.761860200000228,4.539987331897775e-05,5.849097014009143e-06,4.503047162142858,31.76173915270392,10.0,9.08281611607103e-06,6.847477700199986e-05,2.016354638888313e-05,9.772113950695404e-05,0.0,Türkiye,TUR,edirne,,,Windows-10-10.0.22631-SP0,3.10.20,3.2.6,12,Intel(R) Core(TM) i7-10750H CPU @ 2.60GHz,1,1 x NVIDIA GeForce RTX 2060,26.556,41.6772,15.842525482177734,machine,0.0,32.0,52.883333333333326,8.377197901407877,N,1.0,0.0
2026-04-30T18:21:19,SMS_Spam_CNN_inference,98b08675-3447-4cb7-9658-8871af3d53ae,5b0fa12a-3dd7-45bb-9766-cc326314d9f1,45.49513090000255,0.000160674781186,3.5316918098151136e-06,4.5349675878375,13.154838446644757,10.0,5.542226177656696e-05,0.000168294023524,0.0001221287922222,0.0003458450775227,0.0,Türkiye,TUR,edirne,,,Windows-10-10.0.22631-SP0,3.10.20,3.2.6,12,Intel(R) Core(TM) i7-10750H CPU @ 2.60GHz,1,1 x NVIDIA GeForce RTX 2060,26.556,41.6772,15.842525482177734,machine,0.0,7.976744186046512,53.80465116279069,8.52471072174782,N,1.0,0.0
2026-04-30T18:22:11,SMS_Spam_LR,3740c2b9-9c4f-4bde-af24-e1bd10a69d3b,5b0fa12a-3dd7-45bb-9766-cc326314d9f1,1.5951034000026991,2.6121144606047607e-06,1.6375831564275648e-06,4.500000000000002,2.83086801207221,10.0,1.3576527500026718e-06,1.2533343359995286e-06,3.0114691666717086e-06,5.622456252673909e-06,0.0,Türkiye,TUR,edirne,,,Windows-10-10.0.22631-SP0,3.10.20,3.2.6,12,Intel(R) Core(TM) i7-10750H CPU @ 2.60GHz,1,1 x NVIDIA GeForce RTX 2060,26.556,41.6772,15.842525482177734,machine,0.0,0.0,0.0,0.0,N,1.0,0.0
2026-04-30T18:22:18,SMS_Spam_LR_inference,629832f1-2dfe-4c6b-9b64-625f12add022,5b0fa12a-3dd7-45bb-9766-cc326314d9f1,1.8124525000021088,3.2731942257230464e-06,1.8059475907474744e-06,4.500000000000002,3.5297542562082462,10.0,1.6369411250025228e-06,1.776112531999552e-06,3.6323463888948014e-06,7.045400045896877e-06,0.0,Türkiye,TUR,edirne,,,Windows-10-10.0.22631-SP0,3.10.20,3.2.6,12,Intel(R) Core(TM) i7-10750H CPU @ 2.60GHz,1,1 x NVIDIA GeForce RTX 2060,26.556,41.6772,15.842525482177734,machine,0.0,0.0,0.0,0.0,N,1.0,0.0
2026-04-30T18:22:48,SMS_Spam_NaiveBayes,5e5500f3-1430-491c-9117-d87d0b546e60,5b0fa12a-3dd7-45bb-9766-cc326314d9f1,1.529636199997185,2.412248839763168e-06,1.5770082061130662e-06,4.5000010935,2.5650936221182663,10.0,1.2751174348500024e-06,1.089167538000091e-06,2.8279697222185653e-06,5.192254695068659e-06,0.0,Türkiye,TUR,edirne,,,Windows-10-10.0.22631-SP0,3.10.20,3.2.6,12,Intel(R) Core(TM) i7-10750H CPU @ 2.60GHz,1,1 x NVIDIA GeForce RTX 2060,26.556,41.6772,15.842525482177734,machine,0.0,0.0,0.0,0.0,N,1.0,0.0
2026-04-30T18:22:55,SMS_Spam_NaiveBayes_inference,43763e2e-e7d6-4f3f-bacf-e26e315fa2fc,5b0fa12a-3dd7-45bb-9766-cc326314d9f1,1.89658199999758,3.677455015366762e-06,1.93899078203392e-06,4.500324,4.416061270466751,10.0,1.737009555684997e-06,2.325279637997724e-06,3.853263611108559e-06,7.91555280479128e-06,0.0,Türkiye,TUR,edirne,,,Windows-10-10.0.22631-SP0,3.10.20,3.2.6,12,Intel(R) Core(TM) i7-10750H CPU @ 2.60GHz,1,1 x NVIDIA GeForce RTX 2060,26.556,41.6772,15.842525482177734,machine,0.0,0.0,0.0,0.0,N,1.0,0.0
2026-04-30T18:23:41,SMS_Spam_SVM,c47a2ae4-563e-4c78-9fce-cd7aac22530e,5b0fa12a-3dd7-45bb-9766-cc326314d9f1,3.536231600002793,8.437438638266e-06,2.385997183628848e-06,4.513607858250001,6.071223650680591,10.0,3.795624996412344e-06,5.961949213997841e-06,8.403624444448117e-06,1.81611986548583e-05,0.0,Türkiye,TUR,edirne,,,Windows-10-10.0.22631-SP0,3.10.20,3.2.6,12,Intel(R) Core(TM) i7-10750H CPU @ 2.60GHz,1,1 x NVIDIA GeForce RTX 2060,26.556,41.6772,15.842525482177734,machine,0.0,0.0,62.5,9.897380828857422,N,1.0,0.0
2026-04-30T18:23:48,SMS_Spam_SVM_inference,7b125925-ea8a-4483-be3b-fbff3acf4db6,5b0fa12a-3dd7-45bb-9766-cc326314d9f1,2.292068599999766,4.785477061517472e-06,2.087841987590581e-06,4.500000000000002,4.7716552840620094,10.0,2.255996874996527e-06,3.0366690959987563e-06,5.007853333326137e-06,1.030051930432142e-05,0.0,Türkiye,TUR,edirne,,,Windows-10-10.0.22631-SP0,3.10.20,3.2.6,12,Intel(R) Core(TM) i7-10750H CPU @ 2.60GHz,1,1 x NVIDIA GeForce RTX 2060,26.556,41.6772,15.842525482177734,machine,0.0,0.0,0.0,0.0,N,1.0,0.0
2026-04-30T18:27:20,SMS_Spam_GRU,e6c9a96e-fb8f-4c56-8ff9-6f5a65232654,5b0fa12a-3dd7-45bb-9766-cc326314d9f1,24.28485129999899,0.0001434388838242,5.90651686733866e-06,4.5037280808,33.83727564181551,10.0,2.9126182716173035e-05,0.0002149712830879,6.464813527777045e-05,0.0003087456010819,0.0,Türkiye,TUR,edirne,,,Windows-10-10.0.22631-SP0,3.10.20,3.2.6,12,Intel(R) Core(TM) i7-10750H CPU @ 2.60GHz,1,1 x NVIDIA GeForce RTX 2060,26.556,41.6772,15.842525482177734,machine,4.545454545454546,30.454545454545453,60.8590909090909,9.63894254511053,N,1.0,0.0
2026-04-30T18:28:23,SMS_Spam_GRU_inference,a818f514-63a5-434d-8ec8-5dd89b3532b4,5b0fa12a-3dd7-45bb-9766-cc326314d9f1,57.97732370000085,0.0002008468803204,3.46423165994567e-06,4.505268145246875,13.052242881422648,10.0,7.003646163970252e-05,0.000206849609924,0.0001554276019444,0.0004323136735081,0.0,Türkiye,TUR,edirne,,,Windows-10-10.0.22631-SP0,3.10.20,3.2.6,12,Intel(R) Core(TM) i7-10750H CPU @ 2.60GHz,1,1 x NVIDIA GeForce RTX 2060,26.556,41.6772,15.842525482177734,machine,0.0,20.29090909090909,61.619999999999976,9.762551671808415,N,1.0,0.0
2026-04-30T18:29:49,SMS_Spam_CNN,74af9220-7215-4942-bcd5-700c48a8eb22,5b0fa12a-3dd7-45bb-9766-cc326314d9f1,8.369295899999997,5.354174755646321e-05,6.397401668695121e-06,4.523791077,35.93940780117341,10.0,9.876114489751376e-06,8.354506683599938e-05,2.1824968055554764e-05,0.0001152461493813,0.0,Türkiye,TUR,edirne,,,Windows-10-10.0.22631-SP0,3.10.20,3.2.6,12,Intel(R) Core(TM) i7-10750H CPU @ 2.60GHz,1,1 x NVIDIA GeForce RTX 2060,26.556,41.6772,15.842525482177734,machine,0.0,36.833333333333336,55.26666666666666,8.753929138183594,N,1.0,0.0
2026-04-30T18:30:38,SMS_Spam_CNN_inference,9939f689-5ede-41df-8b19-63e663d4db66,5b0fa12a-3dd7-45bb-9766-cc326314d9f1,43.95088150000083,0.0001417956899461,3.2262308537810306e-06,4.506018346679466,10.994761723600297,10.0,5.311605554455482e-05,0.0001342398296139,0.0001178528166666,0.0003052087018252,0.0,Türkiye,TUR,edirne,,,Windows-10-10.0.22631-SP0,3.10.20,3.2.6,12,Intel(R) Core(TM) i7-10750H CPU @ 2.60GHz,1,1 x NVIDIA GeForce RTX 2060,26.556,41.6772,15.842525482177734,machine,0.0,7.380952380952381,55.31428571428571,8.764055615379696,N,1.0,0.0
2026-04-30T18:32:25,SMS_Spam_RandomForest,5da45efd-99d6-4db3-ab09-9117a0f863af,5b0fa12a-3dd7-45bb-9766-cc326314d9f1,2.175050199999532,4.350658850914187e-06,2.0002567531154555e-06,4.500020736000001,4.362026866813123,10.0,2.090639883623969e-06,2.6341687739996067e-06,4.639784444437586e-06,9.36459310206116e-06,0.0,Türkiye,TUR,edirne,,,Windows-10-10.0.22631-SP0,3.10.20,3.2.6,12,Intel(R) Core(TM) i7-10750H CPU @ 2.60GHz,1,1 x NVIDIA GeForce RTX 2060,26.556,41.6772,15.842525482177734,machine,0.0,0.0,0.0,0.0,N,1.0,0.0
2026-04-30T18:32:42,SMS_Spam_RandomForest_inference,e51321bf-ded4-4044-9614-44a7529809a3,5b0fa12a-3dd7-45bb-9766-cc326314d9f1,11.432547599997632,3.281437412018038e-05,2.870259129311404e-06,4.531174364700001,8.338383718219042,10.0,1.376972145938133e-05,2.6478354515999808e-05,3.038335527777841e-05,7.063143125315955e-05,0.0,Türkiye,TUR,edirne,,,Windows-10-10.0.22631-SP0,3.10.20,3.2.6,12,Intel(R) Core(TM) i7-10750H CPU @ 2.60GHz,1,1 x NVIDIA GeForce RTX 2060,26.556,41.6772,15.842525482177734,machine,0.0,8.555555555555555,64.3,10.18641153971354,N,1.0,0.0
2026-04-30T18:34:15,SMS_Spam_XGBoost,ad5e8cb9-9c0d-4705-937f-4b2dc5633d35,5b0fa12a-3dd7-45bb-9766-cc326314d9f1,2.832982699997956,1.0166318995697606e-05,3.588556681163264e-06,14.27283316125,7.797060664915382,10.0,9.264637543899983e-06,6.134171573999453e-06,6.483724999998231e-06,2.1882534117897668e-05,0.0,Türkiye,TUR,edirne,,,Windows-10-10.0.22631-SP0,3.10.20,3.2.6,12,Intel(R) Core(TM) i7-10750H CPU @ 2.60GHz,1,1 x NVIDIA GeForce RTX 2060,26.556,41.6772,15.842525482177734,machine,0.0,0.0,70.4,11.145835876464844,N,1.0,0.0
2026-04-30T18:34:23,SMS_Spam_XGBoost_inference,7f69f15b-fec3-417c-bad8-d1333758c024,5b0fa12a-3dd7-45bb-9766-cc326314d9f1,2.320568099999946,5.49933795600959e-06,2.369823990948474e-06,4.720796928,6.822553135377071,10.0,2.388431867489669e-06,4.396392406003785e-06,5.052247777772815e-06,1.1837072051266268e-05,0.0,Türkiye,TUR,edirne,,,Windows-10-10.0.22631-SP0,3.10.20,3.2.6,12,Intel(R) Core(TM) i7-10750H CPU @ 2.60GHz,1,1 x NVIDIA GeForce RTX 2060,26.556,41.6772,15.842525482177734,machine,0.0,0.0,0.0,0.0,N,1.0,0.0
2026-04-30T18:35:12,SMS_Spam_LR,324e1c99-64d8-46ca-9881-06e7a9f5ab45,5b0fa12a-3dd7-45bb-9766-cc326314d9f1,1.5817662000008568,2.6025866208628314e-06,1.6453674511830014e-06,4.500000000000002,2.8914569419356573,10.0,1.3461619999998225e-06,1.269723238002396e-06,2.9860627777856684e-06,5.601948015787887e-06,0.0,Türkiye,TUR,edirne,,,Windows-10-10.0.22631-SP0,3.10.20,3.2.6,12,Intel(R) Core(TM) i7-10750H CPU @ 2.60GHz,1,1 x NVIDIA GeForce RTX 2060,26.556,41.6772,15.842525482177734,machine,0.0,0.0,0.0,0.0,N,1.0,0.0
2026-04-30T18:35:20,SMS_Spam_LR_inference,a9479e9b-adc3-4b36-8b38-84212dba1b90,5b0fa12a-3dd7-45bb-9766-cc326314d9f1,1.827351500000077,3.3043352746671093e-06,1.8082647343255909e-06,4.5000010935,3.525766135499077,10.0,1.6538269018806718e-06,1.7886125419988574e-06,3.6699902777804204e-06,7.112429721659949e-06,0.0,Türkiye,TUR,edirne,,,Windows-10-10.0.22631-SP0,3.10.20,3.2.6,12,Intel(R) Core(TM) i7-10750H CPU @ 2.60GHz,1,1 x NVIDIA GeForce RTX 2060,26.556,41.6772,15.842525482177734,machine,0.0,0.0,0.0,0.0,N,1.0,0.0
